Symbol,Name,Market Cap,P/E ttm,EPS ttm,Net Income(a),Beta,Dividend(a),Div Yield(a),Latest Earnings
A,Agilent Technologies,31908728000,20.98,5.31,1289000000,1.27,0.968,0.86+ACU-,2025+AC0-05+AC0-28
AAPL,Apple Inc,2999860800000,28.2,7.09,93736000000,1.27,1.01,0.50+ACU-,2025+AC0-05+AC0-01
ABBV,Abbvie Inc,328745248000,18.07,10.27,4278000000,0.56,6.38,3.43+ACU-,2025+AC0-07+AC0-24
ABNB,Airbnb Inc Cl A,80807280000,32.41,3.96,2648000000,1.14,N/A,0.00+ACU-,2025+AC0-05+AC0-01
ABT,Abbott Laboratories,232407296000,27.79,4.78,13402000000,0.74,2.28,1.71+ACU-,2025+AC0-07+AC0-17
ACGL,Arch Capital Grp Ltd,35616716000,11.27,8.36,4312000000,0.57,N/A,0.00+ACU-,2025+AC0-04+AC0-29
ACN,Accenture Plc,198433568000,25.77,12.33,7264790000,1.35,5.73,1.81+ACU-,2025+AC0-06+AC0-20
ADBE,Adobe Systems Inc,176911360000,26.18,15.79,5560000000,1.55,N/A,0.00+ACU-,2025+AC0-06+AC0-12
ADI,Analog Devices,106187136000,32.06,6.73,1635270000,0.98,3.75,1.75+ACU-,2025+AC0-05+AC0-22
ADM,Archer Daniels Midland,23191322000,12.21,3.96,1800000000,0.69,2.02,4.18+ACU-,2025+AC0-05+AC0-06
ADP,Automatic Data Processing,132140120000,32.97,9.83,3752000000,0.76,5.88,1.81+ACU-,2025+AC0-04+AC0-30
ADSK,Autodesk Inc,63353396000,49.09,6.05,1112000000,1.47,N/A,0.00+ACU-,2025+AC0-05+AC0-22
AEE,Ameren Corp,26184628000,20.55,4.68,1182000000,0.51,2.72,2.81+ACU-,2025+AC0-05+AC0-01
AEP,American Electric Power Company,55283840000,17.44,5.88,2967100000,0.45,3.67,3.55+ACU-,2025+AC0-05+AC0-06
AES,The Aes Corp,7183303000,5.29,1.9,1679000000,0.94,0.697,6.91+ACU-,2025+AC0-05+AC0-01
AFL,Aflac Inc,55978384000,14.26,7.21,5443000000,0.84,2.16,2.09+ACU-,2025+AC0-04+AC0-30
AIG,American International Group,48780568000,17.2,4.86,+AC0-1404000000,0.69,1.6,1.89+ACU-,2025+AC0-05+AC0-01
AIZ,Assurant Inc,10325186000,13.1,15.26,760200000,0.59,3.04,1.50+ACU-,2025+AC0-05+AC0-06
AJG,Arthur J. Gallagher +ACY- Company,88979392000,33.13,10.32,1462700000,0.78,2.45,0.71+ACU-,2025+AC0-07+AC0-24
AKAM,Akamai Technologies,11101421000,17.29,4.4,504920000,0.82,N/A,0.00+ACU-,2025+AC0-05+AC0-08
ALB,Albemarle Corp,6560778000,0,+AC0-2.78,+AC0-1179450000,1.71,1.615,2.90+ACU-,2025+AC0-04+AC0-30
ALGN,Align Technology,13115436000,26.34,6.95,421360000,1.68,N/A,0.00+ACU-,2025+AC0-07+AC0-23
ALL,Allstate Corp,55577352000,12.37,16.72,4667000000,0.32,3.76,1.79+ACU-,2025+AC0-04+AC0-30
ALLE,Allegion Plc,12279192000,18.28,7.84,597500000,1.02,1.95,1.37+ACU-,2025+AC0-07+AC0-23
AMAT,Applied Materials,125791560000,17.32,9.21,7177000000,1.71,1.66,1.06+ACU-,2025+AC0-05+AC0-15
AMCR,Amcor Plc,13167075000,12.79,0.71,730000000,0.78,0.507,5.57+ACU-,2025+AC0-04+AC0-30
AMD,Adv Micro Devices,179538080000,38.71,2.92,1641000000,1.97,N/A,0.00+ACU-,2025+AC0-05+AC0-06
AME,Ametek Inc,41267312000,25.94,6.94,1376120000,1.12,1.15,0.64+ACU-,2025+AC0-05+AC0-01
AMGN,Amgen Inc,154956112000,13.66,20.76,4090000000,0.51,9.26,3.21+ACU-,2025+AC0-05+AC0-01
AMP,Ameriprise Financial Services,48491356000,14.08,36.22,3401000000,1.28,6.04,1.19+ACU-,2025+AC0-07+AC0-23
AMT,American Tower Corp,100485824000,20.35,6.47,2255000000,0.86,6.56,3.06+ACU-,2025+AC0-04+AC0-29
AMTM,Amentum Holdings Inc,5027033000,0,1.51,+AC0-82000000,N/A,N/A,0.00+ACU-,2025+AC0-05+AC0-06
AMZN,Amazon.com Inc,2176458400000,33.67,6.11,59248000000,1.3,N/A,0.00+ACU-,2025+AC0-05+AC0-01
ANET,Arista Networks Inc,108813000000,38.26,2.26,2852050000,1.38,N/A,0.00+ACU-,2025+AC0-05+AC0-06
ANSS,Ansys Inc,29084372000,39.51,8.32,575690000,1.21,N/A,0.00+ACU-,2025+AC0-04+AC0-30
AON,AON Plc,80346952000,23.31,15.74,2654000000,0.89,2.77,0.74+ACU-,2025+AC0-07+AC0-25
AOS,Smith A.O. Corp,9139029000,17.59,3.68,533600000,1.28,1.34,2.08+ACU-,2025+AC0-07+AC0-22
APA,Apa Corp,6151905000,4.31,4.02,804000000,1.18,1,5.88+ACU-,2025+AC0-05+AC0-07
APD,Air Products and Chemicals,62069752000,22.19,12.31,3828200000,0.88,7.1,2.55+ACU-,2025+AC0-05+AC0-01
APH,Amphenol Corp,108779240000,42.14,2.11,2424000000,1.1,0.605,0.67+ACU-,2025+AC0-07+AC0-23
APO,Apollo Asset Management Inc,74688552000,19.92,6.61,4577000000,1.67,1.898,1.45+ACU-,2025+AC0-05+AC0-02
APTV,Aptiv Plc,14546540000,9.94,6.85,1787000000,1.44,N/A,0.00+ACU-,2025+AC0-05+AC0-01
ARE,Alexandria Real Estate Equities,12142098000,7.56,0.76,322950000,1.27,5.24,7.47+ACU-,2025+AC0-07+AC0-21
ATO,Atmos Energy Corp,24568908000,21.44,7.2,1042900000,0.74,3.415,2.21+ACU-,2025+AC0-05+AC0-07
AVB,Avalonbay Communities,29437640000,18.49,8.03,1081990000,0.86,6.85,3.31+ACU-,2025+AC0-04+AC0-30
AVGO,Broadcom Ltd,1138200832000,53.31,4.54,5895000000,1.04,2.235,0.92+ACU-,2025+AC0-06+AC0-05
AVY,Avery Dennison Corp,13894220000,19.05,9.43,704900000,0.88,3.52,1.98+ACU-,2025+AC0-07+AC0-22
AWK,American Water Works,27880864000,25.78,5.49,1051000000,0.73,3.123,2.18+ACU-,2025+AC0-04+AC0-30
AXON,Axon Enterprise Inc,58416272000,448.03,1.63,377030000,1.24,N/A,0.00+ACU-,2025+AC0-05+AC0-07
AXP,American Express Company,206008176000,21.62,13.66,10129000000,1.23,2.92,0.99+ACU-,2025+AC0-07+AC0-18
AZO,Autozone,62647840000,25.34,145.61,2662430000,0.44,N/A,0.00+ACU-,2025+AC0-05+AC0-27
BA,Boeing Company,156320320000,0,+AC0-19.73,+AC0-11817000000,1.41,N/A,0.00+ACU-,2025+AC0-04+AC0-23
BAC,Bank of America Corp,332381696000,13.17,3.36,27132000000,1.27,1.02,2.31+ACU-,2025+AC0-07+AC0-14
BALL,Ball Corporation,14864058000,16.48,3.25,4008000000,1.1,0.8,1.49+ACU-,2025+AC0-05+AC0-06
BAX,Baxter International Inc,15651838000,11.76,2.61,+AC0-649000000,0.63,1.09,3.57+ACU-,2025+AC0-05+AC0-01
BBY,Best Buy Company,14030549000,10.48,6.38,927000000,1.27,3.77,5.69+ACU-,2025+AC0-05+AC0-29
BDX,Becton Dickinson and Company,49465500000,12.34,14.09,1705000000,0.31,3.98,2.31+ACU-,2025+AC0-05+AC0-01
BEN,Franklin Resources,11372274000,9.69,2.25,464800000,1.39,1.26,5.82+ACU-,2025+AC0-07+AC0-25
BF.B,Brown Forman Inc Cl B,15758785000,16.31,2.09,1024000000,0.64,0.889,2.67+ACU-,2025+AC0-06+AC0-05
BG,Bunge Ltd,10503750000,9.95,7.96,1137000000,0.68,2.74,3.51+ACU-,2025+AC0-05+AC0-07
BIIB,Biogen Inc,19017866000,8.39,15.82,1632200000,0.12,N/A,0.00+ACU-,2025+AC0-05+AC0-01
BK,Bank of New York Mellon Corp,63394608000,14.07,6.33,4530000000,1.05,1.88,2.12+ACU-,2025+AC0-07+AC0-15
BKNG,Booking Holdings Inc,179586000000,28.63,192.15,5882000000,1.42,35.85,0.65+ACU-,2025+AC0-04+AC0-29
BKR,Baker Hughes Company,36707288000,15.25,2.45,2979000000,0.96,0.88,2.38+ACU-,2025+AC0-07+AC0-24
BLDR,Builders Firstsource,11900254000,10.48,10.39,1077900000,1.79,N/A,0.00+ACU-,2025+AC0-05+AC0-01
BLK,Blackrock Inc,151810432000,21.67,45.05,6369000000,1.41,20.51,2.09+ACU-,2025+AC0-07+AC0-21
BMY,Bristol+AC0-Myers Squibb Company,98253712000,6.52,7.34,+AC0-8948000000,0.39,2.44,5.05+ACU-,2025+AC0-07+AC0-25
BR,Broadridge Financial Solutions Llc,28523538000,28.2,8.5,698100000,0.98,3.44,1.42+ACU-,2025+AC0-05+AC0-01
BRK.B,Berkshire Hathaway Cl B,1087210496000,23.81,21.26,88995000000,0.88,N/A,0.00+ACU-,2025+AC0-05+AC0-03
BRO,Brown +ACY- Brown,32358044000,28,3.99,993000000,0.87,0.58,0.51+ACU-,2025+AC0-04+AC0-28
BSX,Boston Scientific Corp,155726496000,38.7,2.7,1854000000,0.68,N/A,0.00+ACU-,2025+AC0-07+AC0-23
BX,Blackstone Inc,101245952000,29.24,4.75,2776510000,1.67,4.05,2.92+ACU-,2025+AC0-07+AC0-17
BXP,Bxp Inc,10660022000,9.82,1.92,14270000,1.12,3.92,5.82+ACU-,2025+AC0-04+AC0-29
C,Citigroup Inc,140677728000,11.93,6.33,12684000000,1.3,2.24,2.97+ACU-,2025+AC0-07+AC0-15
CAG,Conagra Brands Inc,10926816000,9.65,2.35,347200000,0.18,1.4,6.12+ACU-,2025+AC0-07+AC0-10
CAH,Cardinal Health,36861276000,19.25,8,852000000,0.66,2.022,1.31+ACU-,2025+AC0-05+AC0-01
CARR,Carrier Global Corp,61040472000,24.71,2.89,5604000000,1.33,0.83,1.17+ACU-,2025+AC0-07+AC0-24
CAT,Caterpillar Inc,163936736000,17.12,20.55,10792000000,1.35,5.64,1.62+ACU-,2025+AC0-04+AC0-30
CB,Chubb Ltd,119095776000,14.14,20.8,9272000000,0.57,3.64,1.22+ACU-,2025+AC0-07+AC0-22
CBOE,CBOE Global Markets Inc,23991840000,25.33,8.97,761000000,0.44,3.07,1.34+ACU-,2025+AC0-05+AC0-02
CBRE,CBRE Group Inc,37269088000,24.02,5.19,968000000,1.3,N/A,0.00+ACU-,2025+AC0-07+AC0-24
CCI,Crown Castle Inc,43698312000,15.78,+AC0-9.04,+AC0-3903000000,0.93,6.26,6.24+ACU-,2025+AC0-07+AC0-16
CCL,Carnival Corp,27088616000,14.04,1.65,1916000000,2.5,N/A,0.00+ACU-,2025+AC0-06+AC0-24
CDNS,Cadence Design Sys,78382168000,58.18,4.89,1055480000,1.04,N/A,0.00+ACU-,2025+AC0-04+AC0-28
CDW,CDW Corp,23750704000,19.44,9.38,1077800000,0.91,2.495,1.38+ACU-,2025+AC0-05+AC0-07
CEG,Constellation Energy Corp,95952608000,33.71,9,3749000000,0.98,1.481,0.48+ACU-,2025+AC0-05+AC0-06
CF,Cf Industries Holdings,15378701000,11.87,7.59,1218000000,0.94,2,2.20+ACU-,2025+AC0-05+AC0-07
CFG,Citizens Financial Group Inc/Ri,17638356000,12.62,3.19,1509000000,0.74,1.68,4.16+ACU-,2025+AC0-07+AC0-16
CHD,Church +ACY- Dwight Company,24211490000,28.86,3.4,585300000,0.55,1.158,1.18+ACU-,2025+AC0-05+AC0-01
CHRW,C.H. Robinson Ww,11394615000,19.98,4.81,465690000,0.92,2.47,2.57+ACU-,2025+AC0-04+AC0-30
CHTR,Charter Communications Inc,55622036000,11.05,35.83,5083000000,1.11,N/A,0.00+ACU-,2025+AC0-07+AC0-25
CI,The Cigna Group,84588168000,11.3,27.61,3434000000,0.47,5.71,1.80+ACU-,2025+AC0-05+AC0-02
CINF,Cincinnati Financial,23573770000,26.73,5.61,2292000000,0.73,3.3,2.19+ACU-,2025+AC0-07+AC0-24
CL,Colgate+AC0-Palmolive Company,75320432000,25.36,3.64,2889000000,0.39,2.02,2.17+ACU-,2025+AC0-07+AC0-25
CLX,Clorox Company,16254605000,19.61,6.68,280000000,0.6,4.88,3.70+ACU-,2025+AC0-05+AC0-05
CMCSA,Comcast Corp A,129074152000,7.83,4.38,16192000000,0.97,1.26,3.64+ACU-,2025+AC0-07+AC0-22
CME,CME Group Inc,104143456000,27.07,10.56,3525800000,0.45,10.5,3.63+ACU-,2025+AC0-07+AC0-23
CMG,Chipotle Mexican Grill,67475992000,43.24,1.15,1534110000,1.11,N/A,0.00+ACU-,2025+AC0-07+AC0-23
CMI,Cummins Inc,44285480000,14.78,21.98,3946000000,1.02,7.28,2.26+ACU-,2025+AC0-05+AC0-05
CMS,Cms Energy Corp,21007480000,20.52,3.39,1003000000,0.42,2.115,3.01+ACU-,2025+AC0-07+AC0-24
CNC,Centene Corp,28084712000,7.3,7.74,3305000000,0.48,N/A,0.00+ACU-,2025+AC0-07+AC0-25
CNP,Centerpoint Energy Inc,24307592000,23.19,1.6,1019000000,0.63,0.85,2.28+ACU-,2025+AC0-04+AC0-24
COF,Capital One Financial Corp,72470552000,12.89,14.8,4750000000,1.13,2.4,1.27+ACU-,2025+AC0-07+AC0-22
COIN,Coinbase Global Inc Cl A,62611636000,35.45,7.02,2579070000,3.62,N/A,0.00+ACU-,2025+AC0-05+AC0-08
COO,Cooper Companies,13654702000,20.61,3.77,392300000,1.08,N/A,0.00+ACU-,2025+AC0-05+AC0-29
COP,Conocophillips,107896480000,10.93,7.83,9245000000,0.64,3.12,3.66+ACU-,2025+AC0-05+AC0-08
COR,Cencora Inc,56449004000,19.6,14.83,1509120000,0.6,2.16,0.74+ACU-,2025+AC0-05+AC0-07
COST,Costco Wholesale,461510240000,60.15,16.77,7367000000,1,5.2,0.50+ACU-,2025+AC0-05+AC0-29
CPAY,Corpay Inc,22917976000,18.05,18.26,1003750000,0.98,N/A,0.00+ACU-,2025+AC0-05+AC0-06
CPB,The Campbell's Company,10150116000,11.35,3.01,567000000,0.14,1.52,4.47+ACU-,2025+AC0-06+AC0-02
CPRT,Copart Inc,49734472000,33.83,1.52,1363020000,1.2,N/A,0.00+ACU-,2025+AC0-05+AC0-22
CPT,Camden Property Trust,12552395000,17.02,1.09,163290000,0.79,4.14,3.52+ACU-,2025+AC0-05+AC0-01
CRL,Charles River Laboratories Intl,6661604000,13.25,10.39,22200000,1.5,N/A,0.00+ACU-,2025+AC0-05+AC0-07
CRM,Salesforce Inc,255123776000,33.62,7.9,6197000000,1.42,1.616,0.61+ACU-,2025+AC0-05+AC0-28
CRWD,Crowdstrike Holdings Inc,116839904000,976.19,0.47,+AC0-19270000,1.22,N/A,0.00+ACU-,2025+AC0-06+AC0-03
CSCO,Cisco Systems Inc,249638272000,20.95,3.01,10320000000,0.89,1.61,2.55+ACU-,2025+AC0-05+AC0-14
CSGP,Costar Group Inc,31034004000,125.54,0.59,138700000,0.89,N/A,0.00+ACU-,2025+AC0-07+AC0-22
CSX,CSX Corp,59343272000,18.37,1.71,3470000000,1.22,0.62,1.96+ACU-,2025+AC0-04+AC0-16
CTAS,Cintas Corp,91457752000,52.06,4.32,1571590000,1.09,1.56,0.69+ACU-,2025+AC0-07+AC0-17
CTRA,Coterra Energy Inc,18554874000,13.02,1.9,1121000000,0.33,0.86,3.54+ACU-,2025+AC0-05+AC0-05
CTSH,Cognizant Tech Sol,39923368000,16.59,4.86,2240000000,0.93,1.22,1.51+ACU-,2025+AC0-04+AC0-30
CTVA,Corteva Inc,48297636000,24.99,2.79,907000000,0.72,0.67,0.95+ACU-,2025+AC0-05+AC0-07
CVS,CVS Corp,81011824000,9.87,6.36,4614000000,0.6,2.66,4.15+ACU-,2025+AC0-05+AC0-01
CVX,Chevron Corp,238732064000,14.83,9.3,17661000000,0.83,6.68,4.89+ACU-,2025+AC0-05+AC0-02
CZR,Caesars Entertainment Inc,5590180000,0,+AC0-0.53,+AC0-278000000,2.51,N/A,0.00+ACU-,2025+AC0-04+AC0-29
D,Dominion Energy Inc,48327664000,18.43,3.04,2124000000,0.57,3.338,5.89+ACU-,2025+AC0-05+AC0-01
DAL,Delta Air Lines Inc,31596396000,7.86,6.17,3457000000,1.46,0.6,1.24+ACU-,2025+AC0-07+AC0-10
DASH,Doordash Inc Cl A,88414176000,265.69,0.77,123000000,1.68,N/A,0.00+ACU-,2025+AC0-05+AC0-06
DAY,Dayforce Inc,9445769000,51.98,1.11,18100000,1.17,N/A,0.00+ACU-,2025+AC0-05+AC0-07
DD,Dupont Denemours Inc,27955736000,16,4.31,703000000,1.07,1.96,2.93+ACU-,2025+AC0-05+AC0-02
DE,Deere +ACY- Company,137406064000,24.36,20.67,7100000000,1.08,6.18,1.22+ACU-,2025+AC0-05+AC0-15
DECK,Deckers Outdoor Corp,15768486000,16.91,6.34,966090000,1.11,N/A,0.00+ACU-,2025+AC0-07+AC0-24
DELL,Dell Technologies Inc,77648768000,15.27,7.07,4592000000,0.99,1.86,1.67+ACU-,2025+AC0-05+AC0-29
DG,Dollar General Corp,21389848000,16.4,5.92,1125250000,0.27,2.36,2.43+ACU-,2025+AC0-06+AC0-03
DGX,Quest Diagnostics Inc,19350812000,18.92,9.09,871000000,0.52,3.05,1.76+ACU-,2025+AC0-07+AC0-22
DHI,D.R. Horton,36265788000,8.95,13.21,4756400000,1.45,1.5,1.27+ACU-,2025+AC0-07+AC0-22
DHR,Danaher Corp,135905728000,25.57,7.45,3899000000,0.8,1.28,0.67+ACU-,2025+AC0-07+AC0-22
DIS,Walt Disney Company,203217200000,19.52,5.74,4972000000,1.49,0.95,0.84+ACU-,2025+AC0-05+AC0-07
DLR,Digital Realty Trust,57766392000,25.26,1.07,615190000,0.93,4.88,2.85+ACU-,2025+AC0-07+AC0-24
DLTR,Dollar Tree Inc,19413392000,16.99,5.77,+AC0-3030100000,0.87,N/A,0.00+ACU-,2025+AC0-06+AC0-04
DOC,Healthpeak Properties Inc,12095284000,9.63,0.4,243140000,1.05,1.108,6.36+ACU-,2025+AC0-07+AC0-24
DOV,Dover Corp,24370238000,20.23,8.88,2697130000,1.28,2.57,1.45+ACU-,2025+AC0-07+AC0-24
DOW,Dow Inc,19608352000,24.61,1.17,1116000000,0.97,3.5,12.62+ACU-,2025+AC0-07+AC0-24
DPZ,Domino's Pizza Inc,16224071000,27.21,17.44,584170000,1.15,6.27,1.32+ACU-,2025+AC0-07+AC0-17
DRI,Darden Restaurants,25068140000,23.15,9.23,1027600000,0.74,5.6,2.61+ACU-,2025+AC0-06+AC0-20
DTE,Dte Energy Company,28357336000,18.77,7.26,1404000000,0.47,4.22,3.09+ACU-,2025+AC0-07+AC0-24
DUK,Duke Energy Corp,91498704000,18.56,6.22,4524000000,0.39,4.18,3.55+ACU-,2025+AC0-05+AC0-06
DVA,Davita Healthcare Partners Inc,10287629000,14.47,9.42,936340000,1.14,N/A,0.00+ACU-,2025+AC0-05+AC0-12
DVN,Devon Energy Corp,19429944000,6.38,4.88,2891000000,1,1.25,4.13+ACU-,2025+AC0-05+AC0-06
DXCM,Dexcom Inc,33642784000,51.43,1.65,576200000,1.43,N/A,0.00+ACU-,2025+AC0-07+AC0-24
EA,Electronic Arts Inc,36055136000,28.12,5.08,1121000000,0.74,0.76,0.53+ACU-,2025+AC0-05+AC0-06
EBAY,Ebay Inc,33731368000,18.51,3.93,1975000000,1.3,1.39,1.90+ACU-,2025+AC0-04+AC0-30
ECL,Ecolab Inc,75338592000,38.75,6.82,2112400000,1.05,2.44,0.92+ACU-,2025+AC0-04+AC0-29
ED,Consolidated Edison Company,37647328000,18.8,5.5,1820000000,0.29,3.36,3.22+ACU-,2025+AC0-05+AC0-01
EFX,Equifax Inc,32812132000,35.94,7.32,604100000,1.68,1.67,0.63+ACU-,2025+AC0-07+AC0-16
EG,Everest Re Group,14767722000,17.73,19.53,1373000000,0.58,8,2.30+ACU-,2025+AC0-04+AC0-30
EIX,Edison International,21412118000,10.85,5.15,1546000000,0.77,3.215,5.78+ACU-,2025+AC0-07+AC0-24
EL,Estee Lauder Companies,24081800000,33.5,2.05,390000000,1.12,2.37,3.54+ACU-,2025+AC0-05+AC0-01
ELV,Elevance Health Inc,86722888000,11.09,34.3,5980000000,0.66,6.6,1.72+ACU-,2025+AC0-07+AC0-16
EMN,Eastman Chemical Company,9048600000,9.95,8.19,905000000,1.29,3.28,4.19+ACU-,2025+AC0-07+AC0-24
EMR,Emerson Electric Company,67151248000,20.78,5.77,1968000000,1.26,2.108,1.77+ACU-,2025+AC0-05+AC0-07
ENPH,Enphase Energy Inc,5430658000,28.64,1.37,102660000,1.8,N/A,0.00+ACU-,2025+AC0-07+AC0-22
EOG,Eog Resources,59256096000,9.42,11.66,6403000000,0.78,3.77,3.47+ACU-,2025+AC0-05+AC0-01
EPAM,Epam Systems Inc,9885380000,19.86,8.75,454530000,1.71,N/A,0.00+ACU-,2025+AC0-05+AC0-08
EQIX,Equinix Inc,86943480000,24.75,9.62,815000000,0.97,17.9,2.01+ACU-,2025+AC0-04+AC0-30
EQR,Equity Residential,26649272000,17.94,2.62,1035830000,0.89,2.718,3.88+ACU-,2025+AC0-04+AC0-29
EQT,Eqt Corp,33002250000,28.99,1.91,230580000,0.59,0.63,1.14+ACU-,2025+AC0-07+AC0-22
ERIE,Erie Indemnity Company,16560295000,30.3,11.75,600310000,0.37,5.28,1.47+ACU-,2025+AC0-07+AC0-24
ES,Eversource Energy,23810222000,13.96,4.59,811650000,0.61,2.935,4.53+ACU-,2025+AC0-05+AC0-01
ESS,Essex Property Trust,18278902000,17.92,10.45,741520000,0.78,9.92,3.49+ACU-,2025+AC0-04+AC0-29
ETN,Eaton Corp,125294256000,29.21,11.12,3794000000,1.14,3.96,1.24+ACU-,2025+AC0-05+AC0-02
ETR,Entergy Corp,35874856000,20.93,3.94,1061180000,0.62,2.365,2.84+ACU-,2025+AC0-04+AC0-29
EVRG,Evergy Inc,15280345000,17.38,3.81,873500000,0.53,2.645,3.98+ACU-,2025+AC0-05+AC0-08
EW,Edwards Lifesciences Corp,45883848000,29.9,2.6,4174600000,1.12,N/A,0.00+ACU-,2025+AC0-07+AC0-23
EXC,Exelon Corp,44237872000,15.95,2.74,2460000000,0.43,1.56,3.56+ACU-,2025+AC0-05+AC0-01
EXE,Expand Energy Corporation,27636500000,42.22,2.74,+AC0-714000000,0.46,2.3,1.98+ACU-,2025+AC0-04+AC0-29
EXPD,Expeditors Intl,15438146000,18.82,6.02,810070000,1.09,1.46,1.30+ACU-,2025+AC0-05+AC0-06
EXPE,Expedia Group Inc,21197428000,17.09,9.69,1234000000,1.62,0.8,0.48+ACU-,2025+AC0-05+AC0-08
EXR,Extra Space Storage Inc,32075690000,18.48,4.31,854680000,1.14,6.48,4.29+ACU-,2025+AC0-04+AC0-29
F,Ford Motor Company,41276580000,6.86,1.49,5879000000,1.53,0.75,7.23+ACU-,2025+AC0-07+AC0-23
FANG,Diamondback Energy,39311204000,8.57,16.08,3338000000,1.06,5.24,3.89+ACU-,2025+AC0-05+AC0-05
FAST,Fastenal Company,47426940000,40.99,1.01,1150600000,1.01,0.825,2.00+ACU-,2025+AC0-07+AC0-14
FCX,Freeport+AC0-Mcmoran Inc,55298568000,28.08,1.39,1889000000,1.65,0.6,1.56+ACU-,2025+AC0-07+AC0-22
FDS,Factset Research Systems Inc,17389588000,27.78,16.76,537130000,0.88,5.26,1.15+ACU-,2025+AC0-06+AC0-23
FDX,Fedex Corp,52256540000,12.54,17.57,4331000000,1.36,5.52,2.53+ACU-,2025+AC0-06+AC0-24
FE,Firstenergy Corp,24205922000,15.16,2.75,978000000,0.42,1.72,4.10+ACU-,2025+AC0-04+AC0-23
FFIV,F5 Inc,16389942000,24.66,11.38,566780000,1,N/A,0.00+ACU-,2025+AC0-04+AC0-28
FI,Fiserv Inc,90256312000,17.58,9.08,3131000000,0.97,N/A,0.00+ACU-,2025+AC0-07+AC0-23
FICO,Fair Isaac and Company,42021088000,80.43,20.95,512810000,1.4,N/A,0.00+ACU-,2025+AC0-04+AC0-29
FIS,Fidelity National Information Services,41826696000,14.58,5.37,1450000000,1.08,1.48,1.86+ACU-,2025+AC0-05+AC0-06
FITB,Fifth Third Bancorp,25491518000,11.47,3.34,2314000000,0.89,1.46,3.82+ACU-,2025+AC0-07+AC0-18
FOX,Fox Corp Cl B,22606792000,11.38,4.41,1501000000,0.56,0.54,1.07+ACU-,2025+AC0-05+AC0-12
FOXA,Fox Corp Cl A,24702012000,12.41,4.41,1501000000,0.51,0.54,0.98+ACU-,2025+AC0-05+AC0-12
FRT,Federal Realty Investment Trust,8190274000,14.05,3.49,295210000,1.1,4.39,4.60+ACU-,2025+AC0-05+AC0-08
FSLR,First Solar Inc,16953132000,13.26,11.76,1292040000,1.46,N/A,0.00+ACU-,2025+AC0-04+AC0-29
FTNT,Fortinet Inc,77904040000,45.55,2.24,1745200000,1.16,N/A,0.00+ACU-,2025+AC0-05+AC0-07
FTV,Fortive Corp,23856318000,18.13,3.92,832900000,1.1,0.4,0.57+ACU-,2025+AC0-07+AC0-23
GD,General Dynamics Corp,74745600000,19.08,14.42,3782000000,0.49,5.76,2.07+ACU-,2025+AC0-07+AC0-23
GDDY,Godaddy Inc,25954190000,35.36,5.11,936900000,1.13,N/A,0.00+ACU-,2025+AC0-05+AC0-01
GE,GE Aerospace,262235216000,47.32,5.16,6555000000,1.31,1.44,0.59+ACU-,2025+AC0-07+AC0-22
GEHC,GE Healthcare Technologies Inc,32299210000,15.55,4.6,1993000000,1.21,0.13,0.18+ACU-,2025+AC0-04+AC0-30
GEN,Gen Digital Inc,17664150000,13.79,2.03,643000000,1,0.5,1.76+ACU-,2025+AC0-05+AC0-06
GEV,GE Vernova Inc,129092800000,127.34,3.7,1552000000,N/A,0.5,0.11+ACU-,2025+AC0-07+AC0-23
GILD,Gilead Sciences Inc,136931696000,14.36,7.74,480000000,0.26,3.1,2.82+ACU-,2025+AC0-04+AC0-24
GIS,General Mills,29909796000,12.05,4.48,2496600000,0.05,2.4,4.42+ACU-,2025+AC0-06+AC0-25
GL,Globe Life Inc,10059514000,9.55,12.67,1070760000,0.56,0.99,0.81+ACU-,2025+AC0-07+AC0-23
GLW,Corning Inc,42472396000,23.57,2.12,506000000,1.09,1.4,2.82+ACU-,2025+AC0-04+AC0-29
GM,General Motors Company,47696792000,4.53,10.72,6008000000,1.36,0.48,0.97+ACU-,2025+AC0-07+AC0-22
GNRC,Generac Holdings Inc,7215685000,16.22,7.66,325260000,1.73,N/A,0.00+ACU-,2025+AC0-04+AC0-30
GOOG,Alphabet Cl C,2097534880000,19.28,8.97,100118000000,1.01,0.8,0.46+ACU-,2025+AC0-07+AC0-22
GOOGL,Alphabet Cl A,2084064960000,19.16,8.97,100118000000,1.01,0.8,0.47+ACU-,2025+AC0-07+AC0-22
GPC,Genuine Parts Company,17559710000,16.45,7.68,904080000,0.76,4.03,3.19+ACU-,2025+AC0-07+AC0-22
GPN,Global Payments Inc,18439768000,6.73,11.27,1570370000,0.96,1,1.32+ACU-,2025+AC0-05+AC0-06
GRMN,Garmin Ltd,39080048000,26.72,7.59,1411440000,0.99,3,1.48+ACU-,2025+AC0-04+AC0-30
GS,Goldman Sachs Group,184242688000,14.04,43.09,14276000000,1.32,14.75,2.46+ACU-,2025+AC0-07+AC0-16
GWW,W.W. Grainger,52245300000,27.7,39.2,1909000000,1.24,8.41,0.77+ACU-,2025+AC0-05+AC0-01
HAL,Halliburton Company,16841818000,7.1,2.83,2501000000,1.19,0.68,3.47+ACU-,2025+AC0-07+AC0-18
HAS,Hasbro Inc,9348004000,15.01,4.45,385600000,0.54,2.8,4.20+ACU-,2025+AC0-07+AC0-24
HBAN,Huntington Bancshares Inc,22831584000,12,1.31,1940000000,0.89,0.62,3.97+ACU-,2025+AC0-07+AC0-18
HCA,Hca Holdings Inc,91752520000,16.31,23.22,5760000000,1.46,2.7,0.71+ACU-,2025+AC0-07+AC0-22
HD,Home Depot,366422048000,24.33,15.14,14806000000,1.05,9.05,2.46+ACU-,2025+AC0-05+AC0-20
HES,Hess Corp,40887688000,16.04,8.33,2769000000,0.61,1.938,1.47+ACU-,2025+AC0-04+AC0-30
HIG,The Hartford Insurance Group Inc,36887932000,12.81,10.17,3111000000,0.7,1.98,1.52+ACU-,2025+AC0-07+AC0-24
HII,Huntington Ingalls Industries,8752649000,16.12,13.88,550000000,0.31,6.65,2.98+ACU-,2025+AC0-05+AC0-01
HLT,Hilton Inc,59054192000,33.96,7.31,1535000000,1.23,0.6,0.24+ACU-,2025+AC0-04+AC0-29
HOLX,Hologic Inc,13854274000,15.23,4.13,789500000,0.54,N/A,0.00+ACU-,2025+AC0-05+AC0-01
HON,Honeywell International Inc,145676944000,22.41,10.05,5705000000,1.07,4.47,1.97+ACU-,2025+AC0-07+AC0-24
HPE,Hewlett Packard Enterprise Comp,22698630000,10.96,1.61,2579000000,1.29,0.52,3.01+ACU-,2025+AC0-06+AC0-03
HPQ,HP Inc,23473304000,7.77,3.32,2775000000,1.32,1.13,4.54+ACU-,2025+AC0-05+AC0-28
HRL,Hormel Foods Corp,16871332000,20.39,1.52,805040000,0.34,1.145,3.73+ACU-,2025+AC0-05+AC0-29
HSIC,Henry Schein Inc,8519182000,15.03,4.79,390000000,0.87,N/A,0.00+ACU-,2025+AC0-05+AC0-05
HST,Host Marriott Financial Trust,10745630000,7.7,0.96,697000000,1.29,0.9,5.81+ACU-,2025+AC0-04+AC0-30
HSY,Hershey Foods Corp,32556438000,19.23,8.39,2221240000,0.32,5.48,3.41+ACU-,2025+AC0-05+AC0-01
HUBB,Hubbell Inc B,20793052000,24.12,16.46,777800000,0.97,6.4,1.64+ACU-,2025+AC0-05+AC0-01
HUM,Humana Inc,28137160000,11.2,20.54,1207000000,0.49,3.54,1.52+ACU-,2025+AC0-04+AC0-30
HWM,Howmet Aerospace Inc,68580176000,57.08,2.98,1155000000,1.37,0.36,0.21+ACU-,2025+AC0-05+AC0-01
IBM,Intl Business Machines,240769584000,25.24,10.25,6023000000,0.64,6.69,2.58+ACU-,2025+AC0-07+AC0-23
ICE,Intercontinental Exchange,103137952000,28.29,6.31,2754000000,1.12,1.83,1.02+ACU-,2025+AC0-05+AC0-01
IDXX,Idexx Laboratories,41285432000,47.65,10.82,887870000,1.52,N/A,0.00+ACU-,2025+AC0-05+AC0-01
IEX,Idex Corp,13666845000,23.5,7.75,505000000,1.07,2.78,1.54+ACU-,2025+AC0-05+AC0-01
IFF,International Flavors +ACY- Fragrances,19583282000,17.41,4.37,243000000,1.08,1.6,2.09+ACU-,2025+AC0-05+AC0-06
INCY,Incyte Corp,12593664000,97.12,0.68,32610000,0.68,N/A,0.00+ACU-,2025+AC0-04+AC0-29
INTC,Intel Corp,85277104000,0,+AC0-0.81,+AC0-18756000000,1.15,N/A,0.00+ACU-,2025+AC0-04+AC0-24
INTU,Intuit Inc,210178176000,53.36,14.19,2963000000,1.24,4.02,0.53+ACU-,2025+AC0-05+AC0-22
INVH,Invitation Homes Inc,20656382000,17.72,0.77,453920000,0.87,1.14,3.38+ACU-,2025+AC0-07+AC0-23
IP,International Paper Company,25238948000,39.96,1.2,557000000,1.03,1.85,3.87+ACU-,2025+AC0-07+AC0-23
IPG,Interpublic Group of Companies,8858850000,8.84,2.75,689500000,1.09,1.32,5.51+ACU-,2025+AC0-07+AC0-23
IQV,Iqvia Holdings Inc,24277090000,13.66,10.32,1373000000,1.34,N/A,0.00+ACU-,2025+AC0-05+AC0-06
IR,Ingersoll Rand Inc,32938720000,26.5,3.1,838600000,1.42,0.08,0.10+ACU-,2025+AC0-05+AC0-01
IRM,Iron Mountain Inc,29123792000,55.25,1.77,180160000,1.08,2.865,2.90+ACU-,2025+AC0-05+AC0-01
ISRG,Intuitive Surg Inc,197968608000,87.24,6.37,2322600000,1.7,N/A,0.00+ACU-,2025+AC0-07+AC0-17
IT,Gartner Inc,33589940000,30.78,14.15,1253720000,1.24,N/A,0.00+ACU-,2025+AC0-05+AC0-06
ITW,Illinois Tool Works Inc,71808440000,24.31,10.11,3488000000,1.12,5.9,2.41+ACU-,2025+AC0-04+AC0-30
IVZ,Invesco Plc,6471660000,8.06,1.83,774800000,1.47,0.825,5.71+ACU-,2025+AC0-07+AC0-22
J,Jacobs Engineering Group Inc,15175702000,20.69,6.09,821090000,0.77,28.204,22.33+ACU-,2025+AC0-05+AC0-06
JBHT,J B Hunt Transport,13773225000,25.41,5.51,570890000,1.33,1.74,1.25+ACU-,2025+AC0-07+AC0-15
JBL,Jabil Circuit,18035032000,22.65,7.44,1388000000,1.11,0.32,0.19+ACU-,2025+AC0-06+AC0-19
JCI,Johnson Controls Intl,66706224000,26.32,3.88,1705000000,1.28,1.48,1.46+ACU-,2025+AC0-05+AC0-07
JKHY,Jack Henry +ACY- Assoc,13192075000,30.68,5.87,381820000,0.75,2.26,1.25+ACU-,2025+AC0-05+AC0-06
JNJ,Johnson +ACY- Johnson,373446592000,15.28,10.05,14066000000,0.42,5.02,3.23+ACU-,2025+AC0-07+AC0-16
JNPR,Juniper Networks,12014381000,29.47,1.22,287900000,0.82,0.88,2.45+ACU-,2025+AC0-07+AC0-24
JPM,JP Morgan Chase +ACY- Company,733680768000,14.18,18.65,58471000000,1.07,5.05,1.91+ACU-,2025+AC0-07+AC0-14
K,Kellanova,28667568000,22.06,3.74,1343000000,0.3,2.28,2.76+ACU-,2025+AC0-05+AC0-01
KDP,Keurig Dr Pepper Inc,45730392000,17.07,1.96,1441000000,0.52,0.905,2.69+ACU-,2025+AC0-07+AC0-24
KEY,Keycorp,17381640000,12.66,1.26,+AC0-161000000,1.08,0.82,5.17+ACU-,2025+AC0-07+AC0-21
KEYS,Keysight Technologies Inc,27138240000,26.8,5.92,614000000,1.1,N/A,0.00+ACU-,2025+AC0-05+AC0-20
KHC,Kraft Heinz Company,31636078000,9.04,2.99,2744000000,0.3,2,7.48+ACU-,2025+AC0-04+AC0-29
KIM,Kimco Realty Corp,14382305000,12.56,0.77,410790000,1.26,0.98,4.61+ACU-,2025+AC0-05+AC0-01
KKR,KKR +ACY- Company LP,108177376000,28.06,4.36,3076250000,1.91,0.71,0.58+ACU-,2025+AC0-05+AC0-01
KLAC,K L A+AC0-Tencor Corp,100090568000,25.34,30.54,2761900000,1.4,6.75,0.89+ACU-,2025+AC0-07+AC0-23
KMB,Kimberly+AC0-Clark Corp,47701872000,19.92,7.22,2545000000,0.35,4.92,3.42+ACU-,2025+AC0-07+AC0-22
KMI,Kinder Morgan,62306820000,24.07,1.16,2613000000,0.74,1.155,4.12+ACU-,2025+AC0-07+AC0-16
KMX,Carmax Inc,9842011000,19.27,3.27,500560000,1.45,N/A,0.00+ACU-,2025+AC0-06+AC0-20
KO,Coca+AC0-Cola Company,310337664000,24.74,2.89,10631000000,0.47,1.965,2.73+ACU-,2025+AC0-07+AC0-22
KR,Kroger Company,45092728000,14.94,4.48,2665000000,0.62,1.28,1.88+ACU-,2025+AC0-06+AC0-19
KVUE,Kenvue Inc,45799156000,21.44,1.1,1030000000,1.02,0.82,3.44+ACU-,2025+AC0-05+AC0-08
L,Loews Corp,18723846000,14.57,6.09,1414000000,0.7,0.25,0.28+ACU-,2025+AC0-05+AC0-05
LDOS,Leidos Holdings Inc,19117344000,13.53,10.9,1254000000,0.65,1.56,1.05+ACU-,2025+AC0-05+AC0-06
LEN,Lennar Corp,27983268000,7.89,13.45,3932530000,1.41,13.495,12.72+ACU-,2025+AC0-06+AC0-16
LH,Laboratory Corp of America Holdings,20838786000,16.75,14.73,746000000,0.82,2.88,1.16+ACU-,2025+AC0-04+AC0-29
LHX,L3Harris Technologies Inc,45678380000,19.54,12.46,1502000000,0.72,4.68,1.92+ACU-,2025+AC0-07+AC0-24
LII,Lennox International,20029508000,25.33,22.48,806900000,1.18,4.6,0.81+ACU-,2025+AC0-07+AC0-23
LIN,Linde Plc,220101120000,29.54,15.71,6565000000,1,5.67,1.21+ACU-,2025+AC0-05+AC0-01
LKQ,LKQ Corp,10447250000,11.68,3.45,690000000,0.98,1.2,2.97+ACU-,2025+AC0-07+AC0-24
LLY,Eli Lilly and Company,699116416000,52.51,13.76,10590000000,0.48,5.6,0.76+ACU-,2025+AC0-05+AC0-01
LMT,Lockheed Martin Corp,113019712000,16.39,28.9,5336000000,0.29,12.9,2.67+ACU-,2025+AC0-07+AC0-22
LNT,Alliant Energy Corp,15985394000,19.03,3.25,690000000,0.58,1.975,3.17+ACU-,2025+AC0-05+AC0-08
LOW,Lowe's Companies,126342432000,19,11.84,6957000000,1,4.6,2.04+ACU-,2025+AC0-05+AC0-21
LRCX,Lam Research Corp,103339952000,23.22,3.62,3827770000,1.64,0.89,1.10+ACU-,2025+AC0-04+AC0-23
LULU,Lululemon Athletica,38202120000,21.57,14.7,1814620000,1.3,N/A,0.00+ACU-,2025+AC0-06+AC0-05
LUV,Southwest Airlines Company,19022128000,29.06,1.16,465000000,1.18,0.72,2.16+ACU-,2025+AC0-07+AC0-24
LVS,Las Vegas Sands,29084808000,19.44,2.12,1446000000,0.99,0.9,2.19+ACU-,2025+AC0-07+AC0-23
LW,Lamb Weston Holdings Inc,7871450000,16.59,3.27,725500000,0.46,1.46,2.62+ACU-,2025+AC0-07+AC0-23
LYB,Lyondellbasell Industries NV,18155886000,11.08,5.2,1367000000,0.87,5.36,9.49+ACU-,2025+AC0-04+AC0-25
LYV,Live Nation Entertainment,31796802000,46.47,2.93,896290000,1.47,N/A,0.00+ACU-,2025+AC0-05+AC0-01
MA,Mastercard Inc,533896192000,38.44,15.03,12874000000,1.06,2.84,0.48+ACU-,2025+AC0-05+AC0-01
MAA,Mid+AC0-America Apartment Communities,18337134000,17.58,4.8,527540000,0.8,5.97,3.81+ACU-,2025+AC0-04+AC0-30
MAR,Marriot Int Cl A,72261976000,27.66,9.53,2375000000,1.39,2.56,0.97+ACU-,2025+AC0-05+AC0-06
MAS,Masco Corp,13166999000,15.71,4.04,822000000,1.23,1.2,1.92+ACU-,2025+AC0-07+AC0-24
MCD,McDonald's Corp,224413120000,26.65,11.7,8224000000,0.57,6.88,2.19+ACU-,2025+AC0-05+AC0-01
MCHP,Microchip Technology,31306718000,56.97,1.02,+AC0-500000,1.42,1.819,3.13+ACU-,2025+AC0-05+AC0-08
MCK,Mckesson Corp,90019328000,21.54,33.1,3295000000,0.53,2.75,0.38+ACU-,2025+AC0-05+AC0-08
MCO,Moody's Corp,86229672000,37.22,12.94,2058000000,1.4,3.58,0.75+ACU-,2025+AC0-07+AC0-22
MDLZ,Mondelez Intl Inc,87387056000,20.82,3.24,4611000000,0.5,1.835,2.72+ACU-,2025+AC0-04+AC0-29
MDT,Medtronic Inc,106425424000,14.98,5.5,4662000000,0.81,2.8,3.37+ACU-,2025+AC0-05+AC0-21
MET,Metlife Inc,52750596000,9.56,8.25,4426000000,0.85,2.203,2.80+ACU-,2025+AC0-04+AC0-30
META,Meta Platforms Inc,1628001408000,25.16,25.64,62360000000,1.24,2.025,0.31+ACU-,2025+AC0-04+AC0-30
MGM,MGM Resorts International,8613516000,12.49,2.54,746560000,1.78,N/A,0.00+ACU-,2025+AC0-04+AC0-30
MHK,Mohawk Industries,6290641000,10.9,9.37,517700000,1.24,N/A,0.00+ACU-,2025+AC0-07+AC0-24
MKC,Mccormick +ACY- Company,19505242000,24.85,2.92,788500000,0.74,1.74,2.39+ACU-,2025+AC0-06+AC0-26
MKTX,Marketaxess Holdings,8115806000,29.65,7.22,274180000,0.89,3,1.39+ACU-,2025+AC0-05+AC0-07
MLM,Martin Marietta Materials,33009044000,30.71,17.86,1995000000,0.89,3.11,0.57+ACU-,2025+AC0-04+AC0-30
MMC,Marsh +ACY- Mclennan Companies,115130832000,25.81,8.97,4060000000,0.85,3.26,1.40+ACU-,2025+AC0-07+AC0-17
MMM,3M Company,79839160000,20.03,7.47,4173000000,1.02,2.92,1.97+ACU-,2025+AC0-07+AC0-25
MNST,Monster Beverage Corp,62366980000,38.34,1.66,1509050000,0.63,N/A,0.00+ACU-,2025+AC0-05+AC0-08
MO,Altria Group,102094640000,11.42,5.21,11264000000,0.6,4.04,6.67+ACU-,2025+AC0-04+AC0-29
MOH,Molina Healthcare Inc,16533169000,13.21,23,1179000000,0.63,N/A,0.00+ACU-,2025+AC0-07+AC0-23
MOS,Mosaic Company,11464728000,19.73,1.82,174900000,1.09,0.85,2.35+ACU-,2025+AC0-05+AC0-06
MPC,Marathon Petroleum Corp,49381580000,24.53,6.52,3445000000,0.87,3.555,2.21+ACU-,2025+AC0-05+AC0-06
MPWR,Monolithic Power Sys,31691776000,60.94,11.17,1786700000,1.18,5.31,0.80+ACU-,2025+AC0-05+AC0-01
MRK,Merck +ACY- Company,192947616000,9.81,7.79,17117000000,0.43,3.16,4.11+ACU-,2025+AC0-04+AC0-24
MRNA,Moderna Inc,10271868000,0,+AC0-8.32,+AC0-3561000000,1.99,N/A,0.00+ACU-,2025+AC0-05+AC0-01
MS,Morgan Stanley,205400960000,15.04,8.52,13390000000,1.3,3.7,2.89+ACU-,2025+AC0-07+AC0-15
MSCI,MSCI Inc,43638796000,36.1,15.68,1109130000,1.33,6.8,1.21+ACU-,2025+AC0-07+AC0-22
MSFT,Microsoft Corp,3421645760000,35.45,12.94,88136000000,0.99,3.24,0.70+ACU-,2025+AC0-04+AC0-30
MSI,Motorola Solutions,69333568000,32.06,13.05,1577000000,0.98,4.14,1.00+ACU-,2025+AC0-05+AC0-01
MTB,M+ACY-T Bank Corp,29316642000,12.06,15.17,2588000000,0.58,5.4,2.96+ACU-,2025+AC0-07+AC0-17
MTCH,Match Group Inc,7497845000,14.51,2.08,551280000,1.42,0.38,1.27+ACU-,2025+AC0-05+AC0-08
MTD,Mettler+AC0-Toledo International,24015172000,29,40.46,863140000,1.4,N/A,0.00+ACU-,2025+AC0-05+AC0-01
MU,Micron Technology,105565848000,21.75,4.45,778000000,1.21,0.46,0.49+ACU-,2025+AC0-06+AC0-25
NCLH,Norwegian Cruise Ord,7886144000,11.14,1.58,910260000,2.09,N/A,0.00+ACU-,2025+AC0-04+AC0-30
NDAQ,Nasdaq Inc,47962156000,27.98,2.98,1117000000,1,0.96,1.15+ACU-,2025+AC0-07+AC0-24
NDSN,Nordson Corp,12064774000,21.61,9.59,467280000,0.9,2.34,1.10+ACU-,2025+AC0-05+AC0-28
NEE,Nextera Energy,145421696000,19.66,3.51,6946000000,0.69,2.112,2.99+ACU-,2025+AC0-07+AC0-23
NEM,Newmont Mining Corp,58677200000,12.56,4.18,3348000000,0.31,1.25,2.37+ACU-,2025+AC0-07+AC0-23
NFLX,Netflix Inc,513762080000,56,21.16,8711630000,1.58,N/A,0.00+ACU-,2025+AC0-07+AC0-17
NI,NiSource Inc,18611598000,20.74,1.88,760400000,0.53,1.09,2.76+ACU-,2025+AC0-05+AC0-07
NKE,Nike Inc,89620304000,20.28,3.03,5700000000,1.23,1.54,2.54+ACU-,2025+AC0-06+AC0-26
NOC,Northrop Grumman Corp,69771968000,18.57,25.81,4174000000,0.15,6.18,1.27+ACU-,2025+AC0-07+AC0-24
NOW,Servicenow Inc,209278432000,129.99,7.81,1425000000,0.97,N/A,0.00+ACU-,2025+AC0-07+AC0-23
NRG,NRG Energy,30480008000,20.68,7.47,1125000000,1,1.695,1.09+ACU-,2025+AC0-05+AC0-12
NSC,Norfolk Southern Corp,55711472000,20.46,12.04,2622000000,1.3,5.4,2.19+ACU-,2025+AC0-07+AC0-24
NTAP,Netapp Inc,20170336000,16.9,5.74,986000000,1.4,2.08,2.10+ACU-,2025+AC0-05+AC0-29
NTRS,Northern Trust Corp,20765092000,13.58,7.9,2031100000,1.18,3,2.81+ACU-,2025+AC0-07+AC0-23
NUE,Nucor Corp,25234930000,17.69,6.16,2027000000,1.73,2.18,1.99+ACU-,2025+AC0-04+AC0-28
NVDA,Nvidia Corp,3297172160000,45.64,2.86,72880000000,2.11,0.04,0.03+ACU-,2025+AC0-05+AC0-28
NVR,NVR Inc,20805484000,14.61,485.95,1681930000,1.02,N/A,0.00+ACU-,2025+AC0-07+AC0-22
NWS,News Corp Cl B,18523184000,37.39,0.88,266000000,1.28,0.2,0.61+ACU-,2025+AC0-05+AC0-08
NWSA,News Corp Cl A,15987002000,32.27,0.88,266000000,1.3,0.2,0.71+ACU-,2025+AC0-05+AC0-08
NXPI,Nxp Semiconductors,48284980000,18.09,10.83,2510000000,1.38,4.056,2.12+ACU-,2025+AC0-04+AC0-28
O,Realty Income Corp,51132392000,13.36,1.1,860770000,0.78,3.175,5.61+ACU-,2025+AC0-05+AC0-05
ODFL,Old Dominion Freight Line Inc,33847924000,30.4,5.33,1186070000,1.31,1.06,0.66+ACU-,2025+AC0-07+AC0-23
OKE,Oneok Inc,50495248000,15.76,5.12,3035000000,1.01,4.04,5.00+ACU-,2025+AC0-04+AC0-29
OMC,Omnicom Group Inc,14328805000,9.16,8.09,1480600000,0.95,2.8,3.81+ACU-,2025+AC0-07+AC0-15
ON,On Semiconductor,17559528000,12.45,3.45,1572800000,1.39,N/A,0.00+ACU-,2025+AC0-05+AC0-05
ORCL,Oracle Corp,462980128000,33.52,4.86,10467000000,1.27,1.7,1.03+ACU-,2025+AC0-06+AC0-10
ORLY,O'Reilly Automotive,77932448000,32.76,41.27,2386680000,0.64,N/A,0.00+ACU-,2025+AC0-07+AC0-23
OTIS,Otis Worldwide Corp,37632452000,24.59,3.87,1645000000,1.01,1.59,1.67+ACU-,2025+AC0-07+AC0-23
OXY,Occidental Petroleum Corp,40132944000,11.21,3.7,3056000000,0.81,0.9,2.21+ACU-,2025+AC0-05+AC0-07
PANW,Palo Alto Networks Inc,128305648000,109.31,1.71,2577600000,1.02,N/A,0.00+ACU-,2025+AC0-05+AC0-20
PARA,Paramount Global Cl B,8157313000,10.07,1.21,+AC0-6190000000,1.25,0.2,1.65+ACU-,2025+AC0-05+AC0-08
PAYC,Paycom Software Inc,14988875000,36.42,7.02,502000000,0.8,1.5,0.58+ACU-,2025+AC0-05+AC0-07
PAYX,Paychex Inc,56877764000,32.06,4.91,1690400000,0.91,4.02,2.55+ACU-,2025+AC0-06+AC0-25
PCAR,Paccar Inc,49267400000,13.28,7.1,4162000000,0.96,4.26,4.54+ACU-,2025+AC0-07+AC0-22
PCG,Pacific Gas +ACY- Electric Company,45161240000,12.93,1.32,2512000000,0.63,0.07,0.41+ACU-,2025+AC0-07+AC0-24
PEG,Public Service Enterprise Group Inc,40433804000,20.93,3.8,1772000000,0.48,2.43,3.00+ACU-,2025+AC0-04+AC0-30
PEP,Pepsico Inc,180228464000,16.43,8.03,9578000000,0.47,5.42,4.12+ACU-,2025+AC0-07+AC0-10
PFE,Pfizer Inc,133549248000,7.31,3.21,8031000000,0.58,1.7,7.24+ACU-,2025+AC0-04+AC0-29
PFG,Principal Financial Group Inc,17462236000,11,7.14,1571000000,1.01,2.91,3.74+ACU-,2025+AC0-07+AC0-24
PG,Procter +ACY- Gamble Company,398314240000,24.97,6.75,14879000000,0.41,4.076,2.40+ACU-,2025+AC0-04+AC0-24
PGR,Progressive Corp,167032800000,18.54,14.96,8480000000,0.4,4.9,1.72+ACU-,2025+AC0-07+AC0-15
PH,Parker+AC0-Hannifin Corp,84934032000,25.24,26.44,2844220000,1.36,6.69,1.01+ACU-,2025+AC0-05+AC0-01
PHM,Pultegroup,19647858000,7.58,13,3083260000,1.37,0.84,0.86+ACU-,2025+AC0-07+AC0-22
PKG,Packaging Corp of America,17381438000,20.04,9.63,805100000,0.85,5,2.59+ACU-,2025+AC0-07+AC0-22
PLD,Prologis Inc,100772760000,19.2,4,3731640000,1.25,3.89,3.58+ACU-,2025+AC0-07+AC0-16
PLTR,Palantir Technologies Inc Cl A,310989216000,1019.33,0.12,462190000,2.68,N/A,0.00+ACU-,2025+AC0-05+AC0-05
PM,Philip Morris International Inc,281091392000,26.39,6.74,7057000000,0.5,5.35,2.96+ACU-,2025+AC0-07+AC0-22
PNC,PNC Bank,68753496000,12.44,14.07,5889000000,1.06,6.4,3.68+ACU-,2025+AC0-07+AC0-15
PNR,Pentair Ltd,16317788000,22.13,4.5,625400000,1.11,0.96,0.97+ACU-,2025+AC0-07+AC0-22
PNW,Pinnacle West Capital Corp,10892771000,18.06,5.03,608810000,0.45,3.565,3.91+ACU-,2025+AC0-05+AC0-01
PODD,Insulet Corp,22873984000,89.46,3.62,418300000,1.26,N/A,0.00+ACU-,2025+AC0-05+AC0-08
POOL,Pool Corp,11300681000,28.57,10.53,434330000,1.2,4.85,1.61+ACU-,2025+AC0-07+AC0-24
PPG,PPG Industries,25151600000,13.98,7.96,1116000000,1.2,2.72,2.45+ACU-,2025+AC0-07+AC0-17
PPL,PPL Corp,25689422000,19.78,1.74,888000000,0.7,1.045,3.01+ACU-,2025+AC0-04+AC0-30
PRU,Prudential Financial Inc,36777060000,7.95,13.12,2727000000,1.07,5.3,5.10+ACU-,2025+AC0-04+AC0-30
PSA,Public Storage,54104672000,18.26,10.07,2072010000,0.91,12,3.89+ACU-,2025+AC0-04+AC0-30
PSX,Phillips 66,46235956000,34.75,3.3,2117000000,1.01,4.65,4.10+ACU-,2025+AC0-04+AC0-25
PTC,Ptc Inc,20189646000,41.26,4.07,376330000,1.19,N/A,0.00+ACU-,2025+AC0-04+AC0-30
PWR,Quanta Services,50789320000,39.74,8.55,904820000,1.02,0.38,0.11+ACU-,2025+AC0-05+AC0-01
PYPL,Paypal Holdings,68349616000,14.45,4.91,4147000000,1.51,N/A,0.00+ACU-,2025+AC0-04+AC0-29
QCOM,Qualcomm Inc,159429600000,15.78,9.4,10142000000,1.29,3.4,2.34+ACU-,2025+AC0-04+AC0-30
RCL,Royal Caribbean Cruises Ltd,69782776000,19.96,12.75,2878000000,2.12,1.7,0.66+ACU-,2025+AC0-07+AC0-24
REG,Regency Centers Corp,13097319000,16.57,2.12,400390000,1.02,2.75,3.81+ACU-,2025+AC0-04+AC0-29
REGN,Regeneron Pharmaceuticals,52933076000,15.86,38.16,4412600000,0.43,1.76,0.36+ACU-,2025+AC0-04+AC0-29
RF,Regions Financial Corp,19273060000,9.72,2.22,1893000000,0.97,0.99,4.62+ACU-,2025+AC0-07+AC0-18
RJF,Raymond James Financial,29653950000,13.82,10.69,2068000000,1.02,1.9,1.29+ACU-,2025+AC0-07+AC0-23
RL,Ralph Lauren Corp,17096890000,22.52,12.33,742900000,1.44,3.3,1.19+ACU-,2025+AC0-05+AC0-22
RMD,Resmed Inc,35892816000,27,9.08,1020950000,0.78,2.12,0.87+ACU-,2025+AC0-04+AC0-23
ROK,Rockwell Automation Inc,35567532000,33.29,9.46,952500000,1.32,5.18,1.64+ACU-,2025+AC0-05+AC0-07
ROL,Rollins Inc,27745982000,56.36,1.01,466380000,0.79,0.645,1.13+ACU-,2025+AC0-07+AC0-23
ROP,Roper Industries,61312576000,30.19,18.69,1549300000,1.08,3.15,0.55+ACU-,2025+AC0-07+AC0-23
ROST,Ross Stores Inc,46064536000,21.95,6.33,2090730000,1.17,1.508,1.08+ACU-,2025+AC0-05+AC0-22
RSG,Republic Services,80402360000,38.67,6.58,2043000000,0.66,2.275,0.88+ACU-,2025+AC0-07+AC0-23
RTX,Rtx Corp,182331008000,22.96,5.87,4774000000,0.6,2.57,1.88+ACU-,2025+AC0-07+AC0-24
RVTY,Revvity Inc,10657805000,18.64,4.93,270390000,1.02,0.28,0.31+ACU-,2025+AC0-04+AC0-28
SBAC,SBA Communications,24917044000,17.39,7.29,749540000,0.83,4.18,1.80+ACU-,2025+AC0-04+AC0-28
SBUX,Starbucks Corp,95400784000,29.7,2.83,3760900000,0.99,2.4,2.86+ACU-,2025+AC0-04+AC0-29
SCHW,The Charles Schwab Corp,160511120000,24.72,3.55,5942000000,0.9,1.04,1.18+ACU-,2025+AC0-07+AC0-15
SHW,Sherwin+AC0-Williams Company,89918144000,31.18,11.41,2681400000,1.25,3.01,0.84+ACU-,2025+AC0-07+AC0-22
SJM,J.M. Smucker Company,11983618000,10.74,10.47,744000000,0.36,4.32,3.84+ACU-,2025+AC0-06+AC0-10
SLB,Schlumberger N.V.,44953356000,9.96,3.38,4461000000,1.06,1.11,3.36+ACU-,2025+AC0-07+AC0-18
SMCI,Super Micro Computer,23884658000,21.42,1.92,1152670000,1.36,N/A,0.00+ACU-,2025+AC0-05+AC0-06
SNA,Snap+AC0-On Inc,16772339000,17.02,18.94,1043900000,0.78,8.28,2.58+ACU-,2025+AC0-07+AC0-17
SNPS,Synopsys Inc,71991600000,46.24,9.39,2263380000,1.16,N/A,0.00+ACU-,2025+AC0-05+AC0-28
SO,Southern Company,98914952000,20.88,4.25,4401000000,0.4,2.9,3.22+ACU-,2025+AC0-05+AC0-01
SOLV,Solventum Corporation,12645520000,13.3,5.46,478000000,N/A,N/A,0.00+ACU-,2025+AC0-05+AC0-08
SPG,Simon Property Group,53230124000,13.2,6.28,2370900000,1.43,8.25,5.06+ACU-,2025+AC0-05+AC0-12
SPGI,S+ACY-P Global Inc,157294160000,31.99,16.07,3852000000,1.23,3.74,0.73+ACU-,2025+AC0-04+AC0-29
SRE,Sempra,51233840000,16.51,4.72,2862000000,0.63,2.505,3.19+ACU-,2025+AC0-05+AC0-08
STE,Steris Corp,24092128000,26.54,9.23,614640000,0.96,2.23,0.91+ACU-,2025+AC0-05+AC0-14
STLD,Steel Dynamics Inc,18270232000,16.53,7.57,1537130000,1.44,1.88,1.53+ACU-,2025+AC0-07+AC0-16
STT,State Street Corp,27457322000,10.72,9.05,2687000000,1.42,2.97,3.08+ACU-,2025+AC0-07+AC0-15
STX,Seagate Technology Hldgs Plc,25028872000,20.51,5.76,335000000,1.32,2.84,2.41+ACU-,2025+AC0-07+AC0-22
STZ,Constellation Brands Inc,31739184000,13.05,13.77,+AC0-81400000,1.75,0.93,2.27+ACU-,2025+AC0-07+AC0-01
SW,Smurfit Westrock Plc,22618824000,19.6,2.24,319000000,1,6.467,14.92+ACU-,2025+AC0-05+AC0-01
SWK,Stanley Black +ACY- Decker Inc,10122871000,14.62,4.55,286300000,1.19,3.27,5.00+ACU-,2025+AC0-04+AC0-30
SWKS,Skyworks Solutions,10363404000,15.48,4.49,596000000,1.18,2.8,4.06+ACU-,2025+AC0-05+AC0-07
SYF,Synchrony Financial,21944530000,7.99,7.29,3499000000,1.42,1.05,1.82+ACU-,2025+AC0-07+AC0-16
SYK,Stryker Corp,146049472000,30.51,12.53,2993000000,0.93,3.28,0.86+ACU-,2025+AC0-05+AC0-01
SYY,Sysco Corp,35386896000,16.49,4.37,1955000000,0.8,2.04,2.79+ACU-,2025+AC0-04+AC0-29
T,AT+ACY-T Inc,200037760000,12.33,2.22,10948000000,0.42,1.11,3.99+ACU-,2025+AC0-07+AC0-23
TAP,Molson Coors Brewing Company,10834451000,9.73,5.52,1122400000,0.73,1.79,3.34+ACU-,2025+AC0-05+AC0-08
TDG,Transdigm Group Inc,82477296000,43.46,33.61,1714000000,1.09,N/A,0.00+ACU-,2025+AC0-05+AC0-06
TDY,Teledyne Technologies Inc,23376080000,24.69,20.15,819200000,1.06,N/A,0.00+ACU-,2025+AC0-07+AC0-23
TECH,Bio+AC0-Techne Corp,7587523000,28.26,1.71,168110000,1.46,0.32,0.66+ACU-,2025+AC0-05+AC0-07
TEL,Te Connectivity Ltd,47468280000,20.42,7.91,3193000000,1.24,2.66,1.66+ACU-,2025+AC0-07+AC0-23
TER,Teradyne Inc,12609010000,23.4,3.46,542370000,1.7,0.48,0.61+ACU-,2025+AC0-07+AC0-23
TFC,Truist Financial Corp,51726792000,10.82,3.66,4818000000,0.83,2.08,5.27+ACU-,2025+AC0-04+AC0-17
TGT,Target Corp,42714384000,11.67,8.13,4091000000,1.27,4.48,4.77+ACU-,2025+AC0-05+AC0-21
TJX,TJX Companies,141760112000,29.9,4.25,4864000000,0.94,1.55,1.22+ACU-,2025+AC0-05+AC0-21
TKO,Tko Group Holdings Inc Cl A,31231548000,68.45,2.29,9410000,0.73,0.38,0.24+ACU-,2025+AC0-05+AC0-08
TMO,Thermo Fisher Scientific Inc,152062128000,18.44,21.9,6335000000,0.82,1.6,0.40+ACU-,2025+AC0-07+AC0-23
TMUS,T+AC0-Mobile US,275004768000,23.35,10.25,11339000000,0.69,3.94,1.63+ACU-,2025+AC0-04+AC0-24
TPL,Texas Pacific Land Trust,25608198000,59.95,19.99,453960000,1.2,15.54,1.39+ACU-,2025+AC0-05+AC0-07
TPR,Tapestry Inc,16314050000,15.78,4.97,816000000,1.41,1.4,1.78+ACU-,2025+AC0-05+AC0-08
TRGP,Targa Resources,34260072000,29.19,5.43,1279100000,1.22,3.25,2.06+ACU-,2025+AC0-05+AC0-01
TRMB,Trimble Navigation,17004096000,31.71,2.26,1504400000,1.67,N/A,0.00+ACU-,2025+AC0-05+AC0-07
TROW,T Rowe Price Group,20619372000,10.27,9.18,2100100000,1.5,4.99,5.33+ACU-,2025+AC0-07+AC0-25
TRV,The Travelers Companies Inc,62465076000,14.59,18.81,4999000000,0.53,4.2,1.52+ACU-,2025+AC0-07+AC0-18
TSCO,Tractor Supply Company,25661824000,24.31,2.02,1101240000,0.82,0.9,1.86+ACU-,2025+AC0-07+AC0-24
TSLA,Tesla Inc,1115932416000,193.75,1.85,7130000000,2.43,N/A,0.00+ACU-,2025+AC0-07+AC0-22
TSN,Tyson Foods,20006102000,14.58,3.85,800000000,0.63,2.48,4.42+ACU-,2025+AC0-05+AC0-05
TT,Trane Technologies Plc,95957952000,36.85,11.73,2567900000,1.14,3.46,0.80+ACU-,2025+AC0-04+AC0-30
TTWO,Take+AC0-Two Interactive,40147728000,218.83,1.03,+AC0-4478900000,1.08,N/A,0.00+ACU-,2025+AC0-05+AC0-15
TXN,Texas Instruments,166114112000,35.1,5.27,4799000000,0.97,5.38,2.94+ACU-,2025+AC0-07+AC0-22
TXT,Textron Inc,13365302000,13.31,5.56,824000000,1.2,0.08,0.11+ACU-,2025+AC0-07+AC0-17
TYL,Tyler Technologies,24882118000,72.92,7.84,263030000,0.88,N/A,0.00+ACU-,2025+AC0-07+AC0-23
UAL,United Airlines Holdings Inc,25946818000,6.75,11.64,3149000000,1.39,N/A,0.00+ACU-,2025+AC0-07+AC0-16
UBER,Uber Technologies Inc,175992704000,14.76,5.71,9856000000,1.43,N/A,0.00+ACU-,2025+AC0-05+AC0-07
UDR,United Dominion Realty Trust,13725592000,16.66,0.37,89590000,0.84,1.705,4.12+ACU-,2025+AC0-04+AC0-30
UHS,Universal Health Services,12373130000,10.75,17.78,1142100000,1.29,0.8,0.42+ACU-,2025+AC0-07+AC0-23
ULTA,Ulta Beauty Inc,21285472000,16.48,25.37,1201120000,1.06,N/A,0.00+ACU-,2025+AC0-05+AC0-29
UNH,Unitedhealth Group Inc,273874624000,10.66,27.96,14405000000,0.56,8.4,2.78+ACU-,2025+AC0-07+AC0-15
UNP,Union Pacific Corp,132436544000,20.05,11.1,6747000000,1.07,6.66,3.00+ACU-,2025+AC0-07+AC0-24
UPS,United Parcel Service,82596672000,12.59,7.79,5782000000,1.23,6.54,6.70+ACU-,2025+AC0-07+AC0-22
URI,United Rentals,46043992000,16.65,42.95,2575000000,1.7,6.84,0.97+ACU-,2025+AC0-07+AC0-23
USB,U.S. Bancorp,67914392000,10.65,4.11,6299000000,0.97,1.99,4.57+ACU-,2025+AC0-07+AC0-16
V,Visa Inc,673833984000,34.06,10.64,19743000000,0.96,2.29,0.63+ACU-,2025+AC0-07+AC0-22
VICI,Vici Properties Inc,33508180000,13.83,2.5,2678810000,0.74,1.713,5.40+ACU-,2025+AC0-04+AC0-30
VLO,Valero Energy Corp,40394176000,24.01,5.38,2770000000,0.98,4.4,3.41+ACU-,2025+AC0-07+AC0-24
VLTO,Veralto Corporation,25041396000,27.81,3.64,833000000,0.99,0.4,0.40+ACU-,2025+AC0-07+AC0-24
VMC,Vulcan Materials Company,35016808000,34.28,7.74,911900000,0.84,1.9,0.72+ACU-,2025+AC0-04+AC0-30
VRSK,Verisk Analytics Inc,43943164000,46.57,6.75,958200000,0.89,1.62,0.52+ACU-,2025+AC0-05+AC0-07
VRSN,Verisign Inc,25584932000,32.85,8.18,785700000,0.8,0.77,0.28+ACU-,2025+AC0-07+AC0-24
VRTX,Vertex Pharmaceutic,113517112000,0,+AC0-2.14,+AC0-535600000,0.51,N/A,0.00+ACU-,2025+AC0-05+AC0-05
VST,Vistra Energy Corp,54486540000,20.61,7.75,2659000000,1.16,0.882,0.55+ACU-,2025+AC0-05+AC0-07
VTR,Ventas Inc,29009436000,19.74,0.33,81150000,0.95,1.83,2.85+ACU-,2025+AC0-04+AC0-30
VTRS,Viatris Inc,10316665000,3.56,2.48,+AC0-634200000,0.89,0.48,5.46+ACU-,2025+AC0-05+AC0-08
VZ,Verizon Communications Inc,185346560000,9.36,4.63,17506000000,0.39,2.698,6.14+ACU-,2025+AC0-04+AC0-22
WAB,Wabtec Corp,34622216000,25.44,7.92,1056000000,1.12,0.9,0.44+ACU-,2025+AC0-07+AC0-23
WAT,Waters Corp,20782920000,29.83,11.91,637830000,1.14,N/A,0.00+ACU-,2025+AC0-05+AC0-06
WBA,Walgreens Boots Alliance,9728302000,5.2,2.16,+AC0-8636000000,0.77,N/A,0.00+ACU-,2025+AC0-06+AC0-26
WBD,Discovery Inc Series A,24473998000,0,+AC0-4.4,+AC0-11311000000,1.46,N/A,0.00+ACU-,2025+AC0-05+AC0-08
WDAY,Workday Inc,65890860000,93.34,2.59,526000000,1.3,N/A,0.00+ACU-,2025+AC0-05+AC0-22
WDC,Western Digital Corp,17984660000,9.33,5.63,+AC0-798000000,1.42,16.806,32.60+ACU-,2025+AC0-04+AC0-30
WEC,Wisconsin Energy Corp,34287756000,20.43,5.19,1528400000,0.46,3.455,3.22+ACU-,2025+AC0-05+AC0-06
WELL,Welltower Inc,100891720000,34.09,1.74,951680000,0.94,2.68,1.74+ACU-,2025+AC0-04+AC0-28
WFC,Wells Fargo +ACY- Company,243347712000,13.45,5.54,19722000000,1.13,1.6,2.14+ACU-,2025+AC0-07+AC0-14
WM,Waste Management,96968248000,33.25,7.15,2746000000,0.67,3.075,1.28+ACU-,2025+AC0-07+AC0-23
WMB,Williams Companies,73784016000,31.23,1.93,2225000000,0.66,1.925,3.18+ACU-,2025+AC0-05+AC0-05
WMT,Walmart Inc,789847616000,38.53,2.52,19436000000,0.7,0.885,0.90+ACU-,2025+AC0-05+AC0-15
WRB,W.R. Berkley Corp,28334100000,18,4.11,1756120000,0.44,1.403,1.88+ACU-,2025+AC0-04+AC0-21
WSM,Williams+AC0-Sonoma,19896156000,18.63,8.83,1125250000,1.57,2.37,1.47+ACU-,2025+AC0-05+AC0-22
WST,West Pharmaceutical Services,15148519000,31.7,6.64,492700000,1.14,0.83,0.39+ACU-,2025+AC0-07+AC0-24
WTW,Willis Towers Watson Public Ltd,31385932000,18.83,16.74,+AC0-98000000,0.73,3.56,1.12+ACU-,2025+AC0-07+AC0-24
WY,Weyerhaeuser Company,18791824000,54.25,0.48,396000000,1.15,1.02,3.94+ACU-,2025+AC0-07+AC0-24
WYNN,Wynn Resorts Ltd,9466319000,16.47,5.51,501080000,1.33,1,1.10+ACU-,2025+AC0-05+AC0-06
XEL,XCEL Energy Inc,40430944000,20.19,3.44,1936000000,0.38,2.213,3.16+ACU-,2025+AC0-04+AC0-24
XOM,Exxon Mobil Corp,440876096000,13.71,7.49,33680000000,0.51,3.92,3.83+ACU-,2025+AC0-05+AC0-02
XYL,Xylem Inc,30671958000,28.49,4.41,890000000,1.1,1.88,1.49+ACU-,2025+AC0-04+AC0-29
YUM,Yum+ACE- Brands,40010284000,25.58,5.63,1486000000,0.77,2.76,1.92+ACU-,2025+AC0-04+AC0-30
ZBH,Zimmer Biomet Holdings,18235650000,11.86,7.87,903700000,0.78,0.96,1.04+ACU-,2025+AC0-05+AC0-05
ZBRA,Zebra Technologies,14735962000,23.23,12.59,528000000,1.74,N/A,0.00+ACU-,2025+AC0-04+AC0-29
ZTS,Zoetis Inc Cl A,75075432000,27.76,6.02,2486000000,0.94,1.864,1.11+ACU-,2025+AC0-05+AC0-06
Downloaded from Barchart.com as of 05+AC0-31+AC0-2025 06:07pm CDT,,,,,,,,,
